{"pareto": [{"obj1": 24.919519627173376, "obj2": 0.0, "gene_set": [0.5081893544496223, 1.2898780001174686, 1.827141016011732, 0.11529395189369285, 1.5513728515004028, 1.8775815445786395, 1.5242300451935373, 1.0167498233871408, 0.14868774832596832, 0.39780923771618304, 1.7464821795832033, 0.5817251565421928, 0.09877203097138931, 0.9754064875035431, 0.5582231314987662, 1.5946758272451935, 1.075609247152251, 1.51690668879979, 1.8469171452947926, 1.82496822670854, 1.6505008794742495, 0.609827361897781, 0.5295496131156492, 1.657094787651847, 0.16499167655774793, 1.7767413616170178, 0.28840650171769733, 1.4544553289790128, 0.367450792087894, 0.7844086741959886, 1.7245751529078772, 1.4209534325547906, 1.0809194433833071, 1.060821736952593, 1.616771584984124, 1.9741665860175577, 0.9342969344717063, 1.8337576774037583, 0.6077412437983014, 1.4631909768941034, 0.2098146275411068, 1.218943347929107, 0.22523541259718116, 1.3475112438744712, 1.64258329302865, 0.11809953926712335, 1.03776066696306, 1.1578741324312216, 1.1153901690472678, 0.15783988143747685, 1.7459461975086066, 1.986770867613014, 1.339511935606747, 0.9617712449993334, 1.4376725615591133, 1.3139788382219735, 1.148300340252312, 0.3276882086355857, 1.9997261599208576, 0.2239395517452647, 1.4686086614458558, 0.016941014716346237, 1.0378728256240508, 1.4454900565182747, 0.14533015703330365, 1.513762574888649, 0.6839426646272542, 1.7903844072128907, 0.04655228007107293, 0.00123525939731306, 1.281833074468985, 0.47925384706524654, 1.8275678434956562, 1.2225888097764606, 1.297008606811489, 1.8004649388997909, 0.9343051966105382, 0.6105967078327308, 0.7495690303143789, 1.754895072501438, 0.5607923858123782, 1.9657323845902135, 1.463092689232288, 1.0940112275106013, 1.2444061997151372, 0.2543054992993554, 1.7397266321845934, 0.4739627603458978, 1.2193558011193901, 0.6811253281111405, 1.8891867477451767, 1.4857988811516605, 0.6103632414100375, 1.747041536933318, 1.7275416332549711, 0.6278522434077305, 1.3727893486985032, 0.3786630865852689, 1.3505070507896553, 0.535273192300965, 0.7355094312943211, 1.1487045891317533, 1.3292898936184958, 0.68408216796049, 1.803856891758783, 0.1951357294321796, 1.3550851318038983, 0.10603451824728594, 1.499594098605867, 1.310171127645021, 0.8981368999171297, 1.5674488887517386, 1.2109775581092208, 0.0760208961887876, 1.311669028821116, 1.8110854876244284, 1.9316648824051055, 1.7039501055594652, 1.2499984980161152, 0.254962246206919, 0.6331100829275933, 1.3609996442238448, 1.2571255955978067, 0.14168602967763855, 0.6070441720838808, 1.3903183415981224, 1.8305482979047523, 0.5439184611141701, 0.22906273058026394, 0.9957722402117302, 1.1089416387133295, 1.1877404994399612, 0.6507742688790676, 1.9808895657138383, 0.9504145637456591, 1.4267827760445537, 1.4719689676086387, 0.5233773858049513, 0.9004787627745012, 1.7441993035982024, 1.8221982969569304, 1.8303443674929358, 1.1134231599922089, 1.9377937512638375, 0.4071084594973411, 0.2572667811967704, 1.5072806035169886, 0.6658970670397466, 1.0460392192181678, 1.3650228205001416, 0.47489861396093946, 1.1620823678530114, 1.003108358276407, 1.3691115340677862, 1.5043306468704143, 0.14767647977689413, 1.7697430530482179, 0.7024069377334825, 1.3252725904361613, 1.689004431703842, 1.1200859798023934, 0.23690450072972902, 0.261778256514964, 0.03522366977937619, 1.8771820848174534, 0.24526194179816585, 0.1306174715543924, 1.3194931629822277, 0.06918222797231244, 0.3725759746802615, 1.109990967024056, 1.9815042042863824, 0.5994884593270275, 0.9860233174293498, 1.263578040038184, 0.5050390965164433, 1.1810408831236359, 0.6126452492934846, 1.634076064328841, 1.9077837175819103, 1.244466338249479, 0.03390452254058274, 1.0476872678977154, 0.32664374356402237, 0.5953396290608106, 1.899691840760384, 0.04798558296700817, 1.8898634039386562, 0.9507880830955477, 1.8414494610877854, 0.23877984782066375, 0.6112556608402324, 1.6842587647563927, 0.7537323650856604, 1.5175356176051076, 0.7727144452822592, 0.19239418671277742, 0.6638942910688526, 1.7341028439819746, 1.0579327978182693, 1.5798621050858546, 1.1207139911472417, 1.7710853811106795, 0.5388368546991249, 1.1827094305720194, 1.819034037933098, 0.15719590606917433, 1.519550939367967, 1.3222863830371694, 0.04430903830897748, 1.4090894429725451, 0.07903989060021677, 1.6594204766322929, 1.811740910513502, 1.2134469720245347, 1.4349710013594545, 0.903714401013896, 1.0155827811600213, 1.2984136777730664, 1.2775248712697025, 0.6781870001330705, 1.9406754224486524, 0.5449258071865644, 0.8860947098532688, 1.7372236308192657, 0.46648545964647403, 0.7547583837515783, 0.20868548725511094, 1.9133910075661875, 0.10468928166781333, 1.484908179683497, 0.3704881458698257, 1.3089526980554689, 0.1435811624256722, 1.7530214599654037, 0.41796236573960166, 1.5198578295499925, 1.2311953198758396, 0.7375978702214023, 1.539351036669558, 0.9510862617494509, 0.49565306399396003, 1.2824266834844464, 1.1458912914838935, 0.43194845683287997, 1.4995587333401217, 1.938112886362548, 0.5055982068841405, 0.4471196227173677, 0.6926290262259323, 1.375958421371136, 0.507684241669885, 1.8604537619416437, 0.12877113186180744, 0.6555261537582819, 0.8684721109607063, 1.2237272642386259, 0.6049578598668655, 1.5401303457038096, 0.342405886643407, 0.4180321658187085, 1.2580821320837687, 1.3039297791973719, 0.44956116510501154, 1.168705208802629, 0.1612447010425937, 1.6625017174625865, 0.3390175747501054, 1.1493247285506323, 1.7802392417093615, 0.288340779205255, 1.5250554260568714, 0.09521543476699024, 1.515798161036558, 0.2514685684779834, 0.04918517001288425, 1.3140097414069607, 0.6954833238892135, 0.5406527666257457, 1.4536853680628834, 0.8245354189659775, 0.6190814301945231, 1.7036627899060957, 1.9969822965719246, 0.9603495372411877, 1.632331028197526, 0.6505951717050231, 0.7517364267606881, 1.4273402262841506, 1.627848440589999, 1.5218276233286225, 1.0432239023005396, 0.7851765282941456, 1.968545896234937, 1.0314668493528312, 1.4679217753762992, 0.6945362843379046, 1.892353691373172, 0.5780812017235786, 0.06361533094839977, 0.08822402522121409, 0.9228850043775245, 0.06841218520142633, 0.569733983545055, 1.8945341175678352, 1.8060548192761174, 0.23427314293036794, 1.2152746377969612, 1.6364412858456365, 1.3427785110030015, 1.3620487622201018, 0.2906965135033108, 0.5805310138195396, 1.73913856312297, 1.8440894825888525, 0.7033132396568169, 0.49659580868996, 0.8304623956593922, 1.1507204298329772, 0.016266731032712034, 0.3533738402312332, 0.3282532982322217, 1.2214908273485392, 1.725322007033444, 0.740113406093388, 0.31652524418562966, 0.34123482642431613, 0.30774970467105045, 0.09503902685958332, 1.083856647019505, 0.9825143691769547, 0.869234430603314, 0.8183563657624096, 0.15188626450909792, 0.054007819387954514, 0.6002979060350684, 1.1597678520371755, 0.5332624370790209, 1.8020494053236185]}], "obj2_str": "1.0*EX_arg__L_e - 1.0*EX_arg__L_e_reverse_d8799", "model": "h_pylori.json", "obj1_str": "-1.0*G6PDH2r_reverse_19ddf + 1.0*G6PDH2r"}